{
  "total_transactions": 284807,
  "fraud_count": 492,
  "fraud_percentage": 0.1727485630620034,
  "imbalance_ratio": 577.8760162601626,
  "features": [
    "Time",
    "V1",
    "V2",
    "V3",
    "V4",
    "V5",
    "V6",
    "V7",
    "V8",
    "V9",
    "V10",
    "V11",
    "V12",
    "V13",
    "V14",
    "V15",
    "V16",
    "V17",
    "V18",
    "V19",
    "V20",
    "V21",
    "V22",
    "V23",
    "V24",
    "V25",
    "V26",
    "V27",
    "V28",
    "Amount",
    "Class",
    "Hour"
  ],
  "avg_amount_normal": 88.29102242231328,
  "avg_amount_fraud": 122.21132113821139
}